,product_name,price_in_rupees,availability,link
0,"REDMI Note 10 (Frost White, 128 GB)  (4 GB RAM)",16999,not available,https://www.flipkart.com/redmi-note-10-frost-white-128-gb/p/itmac997dff9f957?pid=MOBGF47C94GE6AHZ&lid=LSTMOBGF47C94GE6AHZPH48DV&marketplace=FLIPKART&q=mi+note+10&store=tyy%2F4io&srno=s_1_7&otracker=AS_Query_OrganicAutoSuggest_3_3_na_na_na&otracker1=AS_Query_OrganicAutoSuggest_3_3_na_na_na&fm=SEARCH&iid=2c1eba0d-f6da-4c25-b2e2-43bab978860a.MOBGF47C94GE6AHZ.SEARCH&ppt=browse&ppn=browse&ssid=uwgjsh86hs0000001626164545334&qH=eeba4ccfe74a4693
1,Vu 108 cm (43 inch) Ultra HD (4K) LED Smart Android TV  (43CA),32999,available,https://flipkart.com/vu-108-cm-43-inch-ultra-hd-4k-led-smart-android-tv/p/itmd98cbdb233ae6?pid=TVSFZARWGJSCH2YH&lid=LSTTVSFZARWGJSCH2YHXJQ0PY&marketplace=FLIPKART&store=ckf%2Fczl&srno=b_1_7&otracker=browse&fm=organic&iid=25e1d1c8-148d-4372-a9c8-59b7e0a543fa.TVSFZARWGJSCH2YH.SEARCH&ppt=None&ppn=None&ssid=f2zz4452rk0000001626165454470
2,Vu Cinema TV Action Series 164 cm (65 inch) Ultra HD (4K) LED Smart Android TV with Sound by JBL  (65LX),68499,available,https://flipkart.com/vu-cinema-tv-action-series-164-cm-65-inch-ultra-hd-4k-led-smart-android-sound-jbl/p/itm021164ffd7d49?pid=TVSFXQYGTMPGQZYX&lid=LSTTVSFXQYGTMPGQZYX7OPPKG&marketplace=FLIPKART&store=ckf%2Fczl&srno=b_1_8&otracker=browse&fm=organic&iid=25e1d1c8-148d-4372-a9c8-59b7e0a543fa.TVSFXQYGTMPGQZYX.SEARCH&ppt=None&ppn=None&ssid=f2zz4452rk0000001626165454470
3,Vu 139 cm (55 inch) Ultra HD (4K) LED Smart Android TV  (55UT),45940,available,https://flipkart.com/vu-139-cm-55-inch-ultra-hd-4k-led-smart-android-tv/p/itm86370177922c2?pid=TVSFSNJVKGTFQHPU&lid=LSTTVSFSNJVKGTFQHPUHVMXNG&marketplace=FLIPKART&store=ckf%2Fczl&srno=b_1_10&otracker=browse&fm=organic&iid=25e1d1c8-148d-4372-a9c8-59b7e0a543fa.TVSFSNJVKGTFQHPU.SEARCH&ppt=None&ppn=None&ssid=f2zz4452rk0000001626165454470
4,Vu Masterpiece 215 cm (85 inch) QLED Ultra HD (4K) Smart Android TV  (85QPX),279999,available,https://flipkart.com/vu-masterpiece-215-cm-85-inch-qled-ultra-hd-4k-smart-android-tv/p/itm39b7ac9f8217c?pid=TVSFX5Q9FDGHGZ5W&lid=LSTTVSFX5Q9FDGHGZ5WKFSSNQ&marketplace=FLIPKART&store=ckf%2Fczl&srno=b_1_11&otracker=browse&fm=organic&iid=25e1d1c8-148d-4372-a9c8-59b7e0a543fa.TVSFX5Q9FDGHGZ5W.SEARCH&ppt=None&ppn=None&ssid=f2zz4452rk0000001626165454470
5,Vu 126 cm (50 inch) Ultra HD (4K) LED Smart Android TV  (50UT),40490,available,https://flipkart.com/vu-126-cm-50-inch-ultra-hd-4k-led-smart-android-tv/p/itma169628942fd1?pid=TVSFSNJVRZFHCHDQ&lid=LSTTVSFSNJVRZFHCHDQOSXEHZ&marketplace=FLIPKART&store=ckf%2Fczl&srno=b_1_13&otracker=browse&fm=organic&iid=25e1d1c8-148d-4372-a9c8-59b7e0a543fa.TVSFSNJVRZFHCHDQ.SEARCH&ppt=None&ppn=None&ssid=f2zz4452rk0000001626165454470
6,LINDT Excellence 70% Cocoa Dark Chocolate - 100 Grams (Pack Of 20) Bars  (20 x 5 g),5999,available,https://flipkart.com/lindt-excellence-70-cocoa-dark-chocolate-100-grams-pack-20-bars/p/itmffpgrvbnsuzkz?pid=CHCFFH65YV8UEDHY&lid=LSTCHCFFH65YV8UEDHYNS9TJI&marketplace=FLIPKART&q=chocolates&store=eat%2F0pt&srno=s_1_1&otracker=search&fm=organic&iid=7947c0dd-b6c0-4d6a-ba97-2f79281672b9.CHCFFH65YV8UEDHY.SEARCH&ppt=None&ppn=None&ssid=mg8n9esbfk0000001626165634232&qH=a3a14388adfc387a
7,Pure Temptation Premium Delicious Chocoblast Gift Box 1 x 7 = 6630 g Crackles  (6630 g),5200,available,https://flipkart.com/pure-temptation-premium-delicious-chocoblast-gift-box-1-x-7-6630-g-crackles/p/itmfhdmfsrygggs8?pid=CHCFHDMFHPUXTQW5&lid=LSTCHCFHDMFHPUXTQW5GNACQL&marketplace=FLIPKART&q=chocolates&store=eat%2F0pt&srno=s_1_2&otracker=search&fm=organic&iid=7947c0dd-b6c0-4d6a-ba97-2f79281672b9.CHCFHDMFHPUXTQW5.SEARCH&ppt=None&ppn=None&ssid=mg8n9esbfk0000001626165634232&qH=a3a14388adfc387a
8,Pure Temptation Premium Chocolate Flavored Gift Box 1 x 6 x 60 =5400g Crackles  (5400 g),4320,available,https://flipkart.com/pure-temptation-premium-chocolate-flavored-gift-box-1-x-6-60-5400g-crackles/p/itmfhdx3r4d8zz4u?pid=CHCFHDT5HYKZVUAY&lid=LSTCHCFHDT5HYKZVUAYMDJII8&marketplace=FLIPKART&q=chocolates&store=eat%2F0pt&srno=s_1_3&otracker=search&fm=organic&iid=7947c0dd-b6c0-4d6a-ba97-2f79281672b9.CHCFHDT5HYKZVUAY.SEARCH&ppt=None&ppn=None&ssid=mg8n9esbfk0000001626165634232&qH=a3a14388adfc387a
9,"Zoroy Luxury Chocolate Easter Hamper Box with ducks, bunnies, eggs Fudges  (1500 g)",3199,available,https://flipkart.com/zoroy-luxury-chocolate-easter-hamper-box-ducks-bunnies-eggs-fudges/p/itmfeyxsmxznhdnd?pid=CHCFDZQEWGFMHGM8&lid=LSTCHCFDZQEWGFMHGM8CMWGZS&marketplace=FLIPKART&q=chocolates&store=eat%2F0pt&srno=s_1_5&otracker=search&fm=organic&iid=7947c0dd-b6c0-4d6a-ba97-2f79281672b9.CHCFDZQEWGFMHGM8.SEARCH&ppt=None&ppn=None&ssid=mg8n9esbfk0000001626165634232&qH=a3a14388adfc387a
10,Zoroy Luxury Chocolate Mother's Day Leather Chest Hamper Fudges  (1200 g),2999,available,https://flipkart.com/zoroy-luxury-chocolate-mother-s-day-leather-chest-hamper-fudges/p/itmf4tnzteqj7kfn?pid=CHCF4SP7BZGEUHNQ&lid=LSTCHCF4SP7BZGEUHNQXPPSHT&marketplace=FLIPKART&q=chocolates&store=eat%2F0pt&srno=s_1_6&otracker=search&fm=organic&iid=7947c0dd-b6c0-4d6a-ba97-2f79281672b9.CHCF4SP7BZGEUHNQ.SEARCH&ppt=None&ppn=None&ssid=mg8n9esbfk0000001626165634232&qH=a3a14388adfc387a
11,Patchi Finest Milk Chocolate Imported 160g Truffles  (160 g),2990,available,https://flipkart.com/patchi-finest-milk-chocolate-imported-160g-truffles/p/itm2302dec982279?pid=CHCGFZYHFHZKHYK5&lid=LSTCHCGFZYHFHZKHYK5YJUERM&marketplace=FLIPKART&q=chocolates&store=eat%2F0pt&srno=s_1_7&otracker=search&fm=organic&iid=7947c0dd-b6c0-4d6a-ba97-2f79281672b9.CHCGFZYHFHZKHYK5.SEARCH&ppt=None&ppn=None&ssid=mg8n9esbfk0000001626165634232&qH=a3a14388adfc387a
12,Kinder Bueno Bars  (30 x 45 g),2899,available,https://flipkart.com/kinder-bueno-bars/p/itm2870bfa3e8023?pid=CHCFX6ZPWYWYH4AW&lid=LSTCHCFX6ZPWYWYH4AW4J38BX&marketplace=FLIPKART&q=chocolates&store=eat%2F0pt&srno=s_1_8&otracker=search&fm=organic&iid=7947c0dd-b6c0-4d6a-ba97-2f79281672b9.CHCFX6ZPWYWYH4AW.SEARCH&ppt=None&ppn=None&ssid=mg8n9esbfk0000001626165634232&qH=a3a14388adfc387a
13,Cadbury Heroes Word-Dash Games Edition Chocolates Tub 819g Bars  (819 g),2850,available,https://flipkart.com/cadbury-heroes-word-dash-games-chocolates-tub-819g-bars/p/itm03efcf999ecdb?pid=CHCFZPFDFKGU3GX7&lid=LSTCHCFZPFDFKGU3GX79B4WCL&marketplace=FLIPKART&q=chocolates&store=eat%2F0pt&srno=s_1_9&otracker=search&fm=organic&iid=7947c0dd-b6c0-4d6a-ba97-2f79281672b9.CHCFZPFDFKGU3GX7.SEARCH&ppt=None&ppn=None&ssid=mg8n9esbfk0000001626165634232&qH=a3a14388adfc387a
14,Zoroy Luxury Chocolate Mother's Day Leather Hamper Tray Fudges  (1200 g),2799,available,https://flipkart.com/zoroy-luxury-chocolate-mother-s-day-leather-hamper-tray-fudges/p/itmf4tnzdwvzsswp?pid=CHCF4SP7DHXXDBVG&lid=LSTCHCF4SP7DHXXDBVGKOA30T&marketplace=FLIPKART&q=chocolates&store=eat%2F0pt&srno=s_1_11&otracker=search&fm=organic&iid=7947c0dd-b6c0-4d6a-ba97-2f79281672b9.CHCF4SP7DHXXDBVG.SEARCH&ppt=None&ppn=None&ssid=mg8n9esbfk0000001626165634232&qH=a3a14388adfc387a
15,Zoroy Luxury Chocolate Diwali Wooden 4 bolt gift box with 15 signature Chocolates Fudges  (175 g),2799,available,https://flipkart.com/zoroy-luxury-chocolate-diwali-wooden-4-bolt-gift-box-15-signature-chocolates-fudges/p/itmf98qpzwemxn4r?pid=CHCF97P6PPY6EFEY&lid=LSTCHCF97P6PPY6EFEYZ2XMBK&marketplace=FLIPKART&q=chocolates&store=eat%2F0pt&srno=s_1_12&otracker=search&fm=organic&iid=7947c0dd-b6c0-4d6a-ba97-2f79281672b9.CHCF97P6PPY6EFEY.SEARCH&ppt=None&ppn=None&ssid=mg8n9esbfk0000001626165634232&qH=a3a14388adfc387a
16,Zoroy Luxury Chocolate Christmas Eco friendly Jute Hamper Box Fudges  (600 g),2758,available,https://flipkart.com/zoroy-luxury-chocolate-christmas-eco-friendly-jute-hamper-box-fudges/p/itmfbkhywmgbdpjx?pid=CHCFBJXCYTADYFZ6&lid=LSTCHCFBJXCYTADYFZ6MPIHBF&marketplace=FLIPKART&q=chocolates&store=eat%2F0pt&srno=s_1_13&otracker=search&fm=organic&iid=7947c0dd-b6c0-4d6a-ba97-2f79281672b9.CHCFBJXCYTADYFZ6.SEARCH&ppt=None&ppn=None&ssid=mg8n9esbfk0000001626165634232&qH=a3a14388adfc387a
17,FERRERO ROCHER Pack Of 16 Chocolates ( Set Of 5 ) Bars  (5 x 1 Units),2645,available,https://flipkart.com/ferrero-rocher-pack-16-chocolates-set-5-bars/p/itm7a4dc0b8509e0?pid=CHCFMG5BFMMGZQJZ&lid=LSTCHCFMG5BFMMGZQJZDAYNSE&marketplace=FLIPKART&q=chocolates&store=eat%2F0pt&srno=s_1_14&otracker=search&fm=organic&iid=7947c0dd-b6c0-4d6a-ba97-2f79281672b9.CHCFMG5BFMMGZQJZ.SEARCH&ppt=None&ppn=None&ssid=mg8n9esbfk0000001626165634232&qH=a3a14388adfc387a
18,Zoroy Luxury Chocolate Valentines day World Map Box with 18 chocolates Fudges  (175 g),2599,available,https://flipkart.com/zoroy-luxury-chocolate-valentines-day-world-map-box-18-chocolates-fudges/p/itmfcye2x25hzufe?pid=CHCFBYHQKFMDPGFH&lid=LSTCHCFBYHQKFMDPGFHCIOMFJ&marketplace=FLIPKART&q=chocolates&store=eat%2F0pt&srno=s_1_15&otracker=search&fm=organic&iid=7947c0dd-b6c0-4d6a-ba97-2f79281672b9.CHCFBYHQKFMDPGFH.SEARCH&ppt=None&ppn=None&ssid=mg8n9esbfk0000001626165634232&qH=a3a14388adfc387a
19,Zoroy Luxury Chocolate Valentines Glossy Box of chocolate Hearts and Pralines Fudges  (175 g),2599,available,https://flipkart.com/zoroy-luxury-chocolate-valentines-glossy-box-hearts-pralines-fudges/p/itmfcye2hg57vnyj?pid=CHCFBYHQCQTXDERY&lid=LSTCHCFBYHQCQTXDERYYGQSH0&marketplace=FLIPKART&q=chocolates&store=eat%2F0pt&srno=s_1_16&otracker=search&fm=organic&iid=7947c0dd-b6c0-4d6a-ba97-2f79281672b9.CHCFBYHQCQTXDERY.SEARCH&ppt=None&ppn=None&ssid=mg8n9esbfk0000001626165634232&qH=a3a14388adfc387a
20,Cadbury Roses By Emma Bridgewater Crackles  (800 g),2599,not available,https://flipkart.com/cadbury-roses-emma-bridgewater-crackles/p/itm85403b6d0239e?pid=CHCFYY55EMTJGZCR&lid=LSTCHCFYY55EMTJGZCRW5BNIP&marketplace=FLIPKART&q=chocolates&store=eat%2F0pt&srno=s_1_17&otracker=search&fm=organic&iid=7947c0dd-b6c0-4d6a-ba97-2f79281672b9.CHCFYY55EMTJGZCR.SEARCH&ppt=None&ppn=None&ssid=mg8n9esbfk0000001626165634232&qH=a3a14388adfc387a
21,Zoroy Luxury Chocolate Diwali Glossy black wooden gift box with 16 Signature Chocolates Fudges  (175 g),2599,available,https://flipkart.com/zoroy-luxury-chocolate-diwali-glossy-black-wooden-gift-box-16-signature-chocolates-fudges/p/itmf98qprquf3aw3?pid=CHCF97P3QQ7BZMKF&lid=LSTCHCF97P3QQ7BZMKFU1TLXZ&marketplace=FLIPKART&q=chocolates&store=eat%2F0pt&srno=s_1_18&otracker=search&fm=organic&iid=7947c0dd-b6c0-4d6a-ba97-2f79281672b9.CHCF97P3QQ7BZMKF.SEARCH&ppt=None&ppn=None&ssid=mg8n9esbfk0000001626165634232&qH=a3a14388adfc387a
22,"Zoroy Luxury Chocolate Christmas Finesse hamper of chocolates, plum cake, jelly and honey Fudges, Bars  (1000 g)",2549,available,https://flipkart.com/zoroy-luxury-chocolate-christmas-finesse-hamper-chocolates-plum-cake-jelly-honey-fudges-bars/p/itmfb7ykagmtsesb?pid=CHCFB7UFDDHMH7ZP&lid=LSTCHCFB7UFDDHMH7ZPTWNHTB&marketplace=FLIPKART&q=chocolates&store=eat%2F0pt&srno=s_1_19&otracker=search&fm=organic&iid=7947c0dd-b6c0-4d6a-ba97-2f79281672b9.CHCFB7UFDDHMH7ZP.SEARCH&ppt=None&ppn=None&ssid=mg8n9esbfk0000001626165634232&qH=a3a14388adfc387a
23,"Cadbury Celebrations Rich Dry Fruit Chocolate Gift Pack, 177 g Brittles (Pack of 5) Brittles  (5 x 177 g)",2500,available,https://flipkart.com/cadbury-celebrations-rich-dry-fruit-chocolate-gift-pack-177-g-brittles-pack-5/p/itmf4da2d3c8206f?pid=CHCFX2PGKJNEXU5E&lid=LSTCHCFX2PGKJNEXU5E5LH2RF&marketplace=FLIPKART&q=chocolates&store=eat%2F0pt&srno=s_1_20&otracker=search&fm=organic&iid=7947c0dd-b6c0-4d6a-ba97-2f79281672b9.CHCFX2PGKJNEXU5E.SEARCH&ppt=None&ppn=None&ssid=mg8n9esbfk0000001626165634232&qH=a3a14388adfc387a
24,Zoroy Luxury Chocolate Lantern of Eternal Love for your Valentine Fudges  (80 g),2499,available,https://flipkart.com/zoroy-luxury-chocolate-lantern-eternal-love-your-valentine-fudges/p/itmfd5hbnk7gyxhs?pid=CHCFD3U5EPKFMTCD&lid=LSTCHCFD3U5EPKFMTCDONHSXR&marketplace=FLIPKART&q=chocolates&store=eat%2F0pt&srno=s_1_21&otracker=search&fm=organic&iid=7947c0dd-b6c0-4d6a-ba97-2f79281672b9.CHCFD3U5EPKFMTCD.SEARCH&ppt=None&ppn=None&ssid=mg8n9esbfk0000001626165634232&qH=a3a14388adfc387a
25,Zoroy Luxury Chocolate The Valentine Sandook of Surprise Fudges  (60 g),2499,available,https://flipkart.com/zoroy-luxury-chocolate-valentine-sandook-surprise-fudges/p/itmfd34q9vqvp5ne?pid=CHCFD28H7ZXZH6J7&lid=LSTCHCFD28H7ZXZH6J7WVM49Q&marketplace=FLIPKART&q=chocolates&store=eat%2F0pt&srno=s_1_22&otracker=search&fm=organic&iid=7947c0dd-b6c0-4d6a-ba97-2f79281672b9.CHCFD28H7ZXZH6J7.SEARCH&ppt=None&ppn=None&ssid=mg8n9esbfk0000001626165634232&qH=a3a14388adfc387a
26,Zoroy Luxury Chocolate Ramadan Special Elegant cutwork Wood box Fudges  (270 g),2449,available,https://flipkart.com/zoroy-luxury-chocolate-ramadan-special-elegant-cutwork-wood-box-fudges/p/itmf579ee49urq54?pid=CHCF4SPJXVTSJQFS&lid=LSTCHCF4SPJXVTSJQFSPXMBRQ&marketplace=FLIPKART&q=chocolates&store=eat%2F0pt&srno=s_1_23&otracker=search&fm=organic&iid=7947c0dd-b6c0-4d6a-ba97-2f79281672b9.CHCF4SPJXVTSJQFS.SEARCH&ppt=None&ppn=None&ssid=mg8n9esbfk0000001626165634232&qH=a3a14388adfc387a
27,deeshafoods White Belgium Sugar free Chocolates 24 Bars  (280 g),2400,available,https://flipkart.com/deeshafoods-white-belgium-sugar-free-chocolates-24-bars/p/itmfaz7jjzuqysjz?pid=CHCFAYWFPGJYKPJY&lid=LSTCHCFAYWFPGJYKPJY5IQMIF&marketplace=FLIPKART&q=chocolates&store=eat%2F0pt&srno=s_1_24&otracker=search&fm=organic&iid=7947c0dd-b6c0-4d6a-ba97-2f79281672b9.CHCFAYWFPGJYKPJY.SEARCH&ppt=None&ppn=None&ssid=mg8n9esbfk0000001626165634232&qH=a3a14388adfc387a
28,Innovative Valentine ILU Chocolate in Wooden Gift Box for Valentine Truffles  (24 x 12.5 g),2222,available,https://flipkart.com/innovative-valentine-ilu-chocolate-wooden-gift-box-truffles/p/itmfdfv7wf5bbsbs?pid=CHCFDF4GGRRHFCWK&lid=LSTCHCFDF4GGRRHFCWKUGMR6O&marketplace=FLIPKART&q=chocolates&store=eat%2F0pt&srno=s_1_29&otracker=search&fm=organic&iid=7947c0dd-b6c0-4d6a-ba97-2f79281672b9.CHCFDF4GGRRHFCWK.SEARCH&ppt=None&ppn=None&ssid=mg8n9esbfk0000001626165634232&qH=a3a14388adfc387a
29,la chocoallure Chocolate Pamper Me Vintage Basket Gift Hampers Fudges  (4 x 125 g),2200,available,https://flipkart.com/la-chocoallure-chocolate-pamper-me-vintage-basket-gift-hampers-fudges/p/itmfdc4b50986973?pid=CHCG2VA6HBYYHGYF&lid=LSTCHCG2VA6HBYYHGYFEYYUME&marketplace=FLIPKART&q=chocolates&store=eat%2F0pt&srno=s_1_34&otracker=search&fm=organic&iid=7947c0dd-b6c0-4d6a-ba97-2f79281672b9.CHCG2VA6HBYYHGYF.SEARCH&ppt=None&ppn=None&ssid=mg8n9esbfk0000001626165634232&qH=a3a14388adfc387a
30,la chocoallure Floraqueen Basket Chocolate Gift Hampers Fudges  (4 x 100 g),2200,available,https://flipkart.com/la-chocoallure-floraqueen-basket-chocolate-gift-hampers-fudges/p/itm97668e16df6f4?pid=CHCG2VCBFHYGJNEK&lid=LSTCHCG2VCBFHYGJNEKYM5HWA&marketplace=FLIPKART&q=chocolates&store=eat%2F0pt&srno=s_1_36&otracker=search&fm=organic&iid=7947c0dd-b6c0-4d6a-ba97-2f79281672b9.CHCG2VCBFHYGJNEK.SEARCH&ppt=None&ppn=None&ssid=mg8n9esbfk0000001626165634232&qH=a3a14388adfc387a
31,"la chocoallure oconut, Rose, Mango, Tiramisu , Strawberry Lover's Gift 25 Pieces Chocolate Truffle Gift Box ( 300 GMS, Pink Box) Truffles  (300 g)",2200,available,https://flipkart.com/la-chocoallure-oconut-rose-mango-tiramisu-strawberry-lover-s-gift-25-pieces-chocolate-truffle-box-300-gms-pink-box-truffles/p/itm2be6a6c9b93bb?pid=CHCG2VDYC8GB7NXC&lid=LSTCHCG2VDYC8GB7NXCKF2ZZV&marketplace=FLIPKART&q=chocolates&store=eat%2F0pt&srno=s_1_37&otracker=search&fm=organic&iid=7947c0dd-b6c0-4d6a-ba97-2f79281672b9.CHCG2VDYC8GB7NXC.SEARCH&ppt=None&ppn=None&ssid=mg8n9esbfk0000001626165634232&qH=a3a14388adfc387a
32,"Innovative Diwali Gift Chocolates with WISH YOU A VERY HAPPY DIWALI message in wooden Gift Box for Diwali Truffles, Caramels  (24 x 12.5 g)",2199,available,https://flipkart.com/innovative-diwali-gift-chocolates-wish-you-very-happy-message-wooden-box-truffles-caramels/p/itmb35f53fb9d035?pid=CHCFWX87UYHQAZFH&lid=LSTCHCFWX87UYHQAZFHNLXIQZ&marketplace=FLIPKART&q=chocolates&store=eat%2F0pt&srno=s_1_39&otracker=search&fm=organic&iid=7947c0dd-b6c0-4d6a-ba97-2f79281672b9.CHCFWX87UYHQAZFH.SEARCH&ppt=None&ppn=None&ssid=mg8n9esbfk0000001626165634232&qH=a3a14388adfc387a
33,"Innovative Diwali Chocolates with HAPPY DIWALI message in wooden Gift Box for Diwali Truffles, Caramels  (300 g)",2199,available,https://flipkart.com/innovative-diwali-chocolates-happy-message-wooden-gift-box-truffles-caramels/p/itma4ee030548b2a?pid=CHCFWX6PRWSBUFYY&lid=LSTCHCFWX6PRWSBUFYYZVLLEC&marketplace=FLIPKART&q=chocolates&store=eat%2F0pt&srno=s_1_40&otracker=search&fm=organic&iid=7947c0dd-b6c0-4d6a-ba97-2f79281672b9.CHCFWX6PRWSBUFYY.SEARCH&ppt=None&ppn=None&ssid=mg8n9esbfk0000001626165634232&qH=a3a14388adfc387a
34,Cadbury DAIRY MILK SILK FRUIT & NUT 137 GM Bars  (137 g),153,available,https://flipkart.com/cadbury-dairy-milk-silk-fruit-nut-137-gm-bars/p/itm2612deb31dc6c?pid=CHCEWXEHZNFZPZVW&lid=LSTCHCEWXEHZNFZPZVWAICL0M&marketplace=GROCERY&q=cadbury&store=eat&srno=s_1_1&otracker=search&fm=organic&iid=ca12209c-b80e-4ab1-a39d-b0118a2aac1d.CHCEWXEHZNFZPZVW.SEARCH&ppt=None&ppn=None&ssid=39w6om3sds0000001626269806001&qH=e790a1d73db268d3
35,Cadbury Dairy Milk Home Treats Chocolate Bars  (126 g),96,available,https://flipkart.com/cadbury-dairy-milk-home-treats-chocolate-bars/p/itmewxeh9gyxubsf?pid=CHCEWXEHHEZSAUQS&lid=LSTCHCEWXEHHEZSAUQSNA2VZU&marketplace=GROCERY&q=cadbury&store=eat&spotlightTagId=BestsellerId_eat&srno=s_1_2&otracker=search&fm=organic&iid=ca12209c-b80e-4ab1-a39d-b0118a2aac1d.CHCEWXEHHEZSAUQS.SEARCH&ppt=None&ppn=None&ssid=39w6om3sds0000001626269806001&qH=e790a1d73db268d3
36,Cadbury Nutties Crackles  (30 g),35,available,https://flipkart.com/cadbury-nutties-crackles/p/itmf2asrqwbdrvwy?pid=CHCF2ASRCJZJHV8A&lid=LSTCHCF2ASRCJZJHV8AFINM2W&marketplace=GROCERY&q=cadbury&store=eat&srno=s_1_3&otracker=search&fm=organic&iid=ca12209c-b80e-4ab1-a39d-b0118a2aac1d.CHCF2ASRCJZJHV8A.SEARCH&ppt=None&ppn=None&ssid=39w6om3sds0000001626269806001&qH=e790a1d73db268d3
37,Cadbury Gems Surprise Chocolate Crackles  (15.8 g),45,available,https://flipkart.com/cadbury-gems-surprise-chocolate-crackles/p/itmewxehrv4yxr6s?pid=CHCEWXEHUTZQHCQR&lid=LSTCHCEWXEHUTZQHCQRQUQB3G&marketplace=GROCERY&q=cadbury&store=eat&srno=s_1_4&otracker=search&fm=organic&iid=ca12209c-b80e-4ab1-a39d-b0118a2aac1d.CHCEWXEHUTZQHCQR.SEARCH&ppt=None&ppn=None&ssid=39w6om3sds0000001626269806001&qH=e790a1d73db268d3
38,Cadbury Dairy Milk Silk Fruit and Nut Chocolate Bars  (55 g),66,available,https://flipkart.com/cadbury-dairy-milk-silk-fruit-nut-chocolate-bars/p/itmfykkycdgy3p5v?pid=CHCEWXEHNUTNFAQU&lid=LSTCHCEWXEHNUTNFAQUJRLU50&marketplace=GROCERY&q=cadbury&store=eat&srno=s_1_5&otracker=search&fm=organic&iid=ca12209c-b80e-4ab1-a39d-b0118a2aac1d.CHCEWXEHNUTNFAQU.SEARCH&ppt=None&ppn=None&ssid=39w6om3sds0000001626269806001&qH=e790a1d73db268d3
39,Cadbury 5 Star Oreo Bars  (42 g),31,available,https://flipkart.com/cadbury-5-star-oreo-bars/p/itmfad666c93291d?pid=CHCFZBBZZABGEZGW&lid=LSTCHCFZBBZZABGEZGWV4FHQI&marketplace=GROCERY&q=cadbury&store=eat&srno=s_1_6&otracker=search&fm=organic&iid=ca12209c-b80e-4ab1-a39d-b0118a2aac1d.CHCFZBBZZABGEZGW.SEARCH&ppt=None&ppn=None&ssid=39w6om3sds0000001626269806001&qH=e790a1d73db268d3
40,Cadbury Dairy Milk Silk Mousse Bars  (50 g),80,available,https://flipkart.com/cadbury-dairy-milk-silk-mousse-bars/p/itm2fb4573ed4730?pid=CHCFXMEYSTEZEHFP&lid=LSTCHCFXMEYSTEZEHFPKS6FPN&marketplace=GROCERY&q=cadbury&store=eat&srno=s_1_7&otracker=search&fm=organic&iid=ca12209c-b80e-4ab1-a39d-b0118a2aac1d.CHCFXMEYSTEZEHFP.SEARCH&ppt=None&ppn=None&ssid=39w6om3sds0000001626269806001&qH=e790a1d73db268d3
41,Cadbury Dairy Milk Crispello Bars  (33 g),25,available,https://flipkart.com/cadbury-dairy-milk-crispello-bars/p/itmf8h3hupk5yuhy?pid=CHCF8H3HWUXT6DQR&lid=LSTCHCF8H3HWUXT6DQRQQZWOA&marketplace=GROCERY&q=cadbury&store=eat&srno=s_1_8&otracker=search&fm=organic&iid=ca12209c-b80e-4ab1-a39d-b0118a2aac1d.CHCF8H3HWUXT6DQR.SEARCH&ppt=None&ppn=None&ssid=39w6om3sds0000001626269806001&qH=e790a1d73db268d3
42,Cadbury 5 Star Home Treats Bars  (200 g),93,available,https://flipkart.com/cadbury-5-star-home-treats-bars/p/itmewxehjvp86fh6?pid=CHCEWXEHFYZSRJPH&lid=LSTCHCEWXEHFYZSRJPHS723MY&marketplace=GROCERY&q=cadbury&store=eat&srno=s_1_9&otracker=search&fm=organic&iid=ca12209c-b80e-4ab1-a39d-b0118a2aac1d.CHCEWXEHFYZSRJPH.SEARCH&ppt=None&ppn=None&ssid=39w6om3sds0000001626269806001&qH=e790a1d73db268d3
43,Cadbury Dairy Milk Chocolate Bars  (23 g),17,available,https://flipkart.com/cadbury-dairy-milk-chocolate-bars/p/itmfykkytzh9fkwm?pid=CHCEWXEHQJDGFCNJ&lid=LSTCHCEWXEHQJDGFCNJQSE2GG&marketplace=GROCERY&q=cadbury&store=eat&srno=s_1_10&otracker=search&fm=organic&iid=ca12209c-b80e-4ab1-a39d-b0118a2aac1d.CHCEWXEHQJDGFCNJ.SEARCH&ppt=None&ppn=None&ssid=39w6om3sds0000001626269806001&qH=e790a1d73db268d3
44,Cadbury Bournvita Inner Strength  (1 kg),350,available,https://flipkart.com/cadbury-bournvita-inner-strength/p/itmf2ba171e374f0?pid=MDMETGN5AXBVGCSW&lid=LSTMDMETGN5AXBVGCSWAXMEAW&marketplace=GROCERY&q=cadbury&store=eat&srno=s_1_11&otracker=search&fm=organic&iid=ca12209c-b80e-4ab1-a39d-b0118a2aac1d.MDMETGN5AXBVGCSW.SEARCH&ppt=None&ppn=None&ssid=39w6om3sds0000001626269806001&qH=e790a1d73db268d3
45,Cadbury Bournvita Health  (500 g),193,available,https://flipkart.com/cadbury-bournvita-health/p/itmfgx4gxuzqbdgg?pid=MDMETGN5PGW4R2QF&lid=LSTMDMETGN5PGW4R2QF9B3KVC&marketplace=GROCERY&q=cadbury&store=eat&srno=s_1_12&otracker=search&fm=organic&iid=ca12209c-b80e-4ab1-a39d-b0118a2aac1d.MDMETGN5PGW4R2QF.SEARCH&ppt=None&ppn=None&ssid=39w6om3sds0000001626269806001&qH=e790a1d73db268d3
46,Cadbury Bournvita Health Drink Pouch  (750 g),240,available,https://flipkart.com/cadbury-bournvita-health-drink-pouch/p/itm1da9c63ce20df?pid=MDMETGN5XTYUENFH&lid=LSTMDMETGN5XTYUENFHTSQUCU&marketplace=GROCERY&q=cadbury&store=eat&srno=s_1_13&otracker=search&fm=organic&iid=ca12209c-b80e-4ab1-a39d-b0118a2aac1d.MDMETGN5XTYUENFH.SEARCH&ppt=None&ppn=None&ssid=39w6om3sds0000001626269806001&qH=e790a1d73db268d3
47,Cadbury Dairy Milk Silk Oreo Chocolate Bars  (60 g),66,available,https://flipkart.com/cadbury-dairy-milk-silk-oreo-chocolate-bars/p/itmfykkyhfhtzykb?pid=CHCEWXEHHJGN3YXZ&lid=LSTCHCEWXEHHJGN3YXZGSOHDJ&marketplace=GROCERY&q=cadbury&store=eat&srno=s_1_14&otracker=search&fm=organic&iid=ca12209c-b80e-4ab1-a39d-b0118a2aac1d.CHCEWXEHHJGN3YXZ.SEARCH&ppt=None&ppn=None&ssid=39w6om3sds0000001626269806001&qH=e790a1d73db268d3
48,Cadbury Shots Truffles  (2 x 208.8 g),224,available,https://flipkart.com/cadbury-shots-truffles/p/itmfcmm637vkxmkh?pid=CHCFCHDAQ6JXEYAR&lid=LSTCHCFCHDAQ6JXEYARQJ99VI&marketplace=FLIPKART&q=cadbury&store=eat&srno=s_1_15&otracker=search&fm=organic&iid=ca12209c-b80e-4ab1-a39d-b0118a2aac1d.CHCFCHDAQ6JXEYAR.SEARCH&ppt=None&ppn=None&ssid=39w6om3sds0000001626269806001&qH=e790a1d73db268d3
49,Cadbury Bournville 50% Cocoa Dark Chocolate Bar 80 g (Pack of 5) Bars  (5 x 80 g),400,available,https://flipkart.com/cadbury-bournville-50-cocoa-dark-chocolate-bar-80-g-pack-5-bars/p/itmf9fa5n92xsxzx?pid=CHCF9FYBWB7FGXFN&lid=LSTCHCF9FYBWB7FGXFNLOIUIP&marketplace=FLIPKART&q=cadbury&store=eat&srno=s_1_16&otracker=search&fm=organic&iid=ca12209c-b80e-4ab1-a39d-b0118a2aac1d.CHCF9FYBWB7FGXFN.SEARCH&ppt=None&ppn=None&ssid=39w6om3sds0000001626269806001&qH=e790a1d73db268d3
50,Cadbury Dairy Milk Silk Chocolate Bars  (150 g),140,available,https://flipkart.com/cadbury-dairy-milk-silk-chocolate-bars/p/itmfafsamwpq6ksx?pid=CHCEWXEHUUAYMYWS&lid=LSTCHCEWXEHUUAYMYWSIVMQMM&marketplace=GROCERY&q=cadbury&store=eat&srno=s_1_17&otracker=search&fm=organic&iid=ca12209c-b80e-4ab1-a39d-b0118a2aac1d.CHCEWXEHUUAYMYWS.SEARCH&ppt=None&ppn=None&ssid=39w6om3sds0000001626269806001&qH=e790a1d73db268d3
51,"Cadbury Dairy Milk Silk Roast Almond Chocolate Bar, 58g – Pack of 8 Bars  (8 x 58 g)",608,available,https://flipkart.com/cadbury-dairy-milk-silk-roast-almond-chocolate-bar-58g-pack-8-bars/p/itm75e9b7b49a60f?pid=CHCFJHMKGMEDPBF9&lid=LSTCHCFJHMKGMEDPBF9WCFFWG&marketplace=FLIPKART&q=cadbury&store=eat&srno=s_1_18&otracker=search&fm=organic&iid=ca12209c-b80e-4ab1-a39d-b0118a2aac1d.CHCFJHMKGMEDPBF9.SEARCH&ppt=None&ppn=None&ssid=39w6om3sds0000001626269806001&qH=e790a1d73db268d3
52,"Cadbury Dairy Milk Chocolate Bar, 52 gm Maha Pack Pack of 15 Bars  (15 x 52 g)",558,available,https://flipkart.com/cadbury-dairy-milk-chocolate-bar-52-gm-maha-pack-15-bars/p/itmf9utytfdjdhdy?pid=CHCF9RZSEQFUFYFM&lid=LSTCHCF9RZSEQFUFYFMVMJDSC&marketplace=FLIPKART&q=cadbury&store=eat&srno=s_1_19&otracker=search&fm=organic&iid=ca12209c-b80e-4ab1-a39d-b0118a2aac1d.CHCF9RZSEQFUFYFM.SEARCH&ppt=None&ppn=None&ssid=39w6om3sds0000001626269806001&qH=e790a1d73db268d3
53,Cadbury Crispello Chocolate Bar 33 g (Pack of 15) Brittles  (15 x 33 g),450,available,https://flipkart.com/cadbury-crispello-chocolate-bar-33-g-pack-15-brittles/p/itmfaazzpgzrpuhp?pid=CHCFAAB9QG4UVA8W&lid=LSTCHCFAAB9QG4UVA8WJ54VAF&marketplace=FLIPKART&q=cadbury&store=eat&srno=s_1_20&otracker=search&fm=organic&iid=ca12209c-b80e-4ab1-a39d-b0118a2aac1d.CHCFAAB9QG4UVA8W.SEARCH&ppt=None&ppn=None&ssid=39w6om3sds0000001626269806001&qH=e790a1d73db268d3
54,Cadbury Perk Home Treats Chocolate Bars  (173.7 g),65,available,https://flipkart.com/cadbury-perk-home-treats-chocolate-bars/p/itmewxehgsaw7mnu?pid=CHCEWXEHJSPFHHNM&lid=LSTCHCEWXEHJSPFHHNMUIJX0V&marketplace=GROCERY&q=cadbury&store=eat&srno=s_1_21&otracker=search&fm=organic&iid=ca12209c-b80e-4ab1-a39d-b0118a2aac1d.CHCEWXEHJSPFHHNM.SEARCH&ppt=None&ppn=None&ssid=39w6om3sds0000001626269806001&qH=e790a1d73db268d3
55,Cadbury Gems Minis Crackles  (142.2 g),100,available,https://flipkart.com/cadbury-gems-minis-crackles/p/itm0add99808eea6?pid=CHCFYGAHXGHZCBGC&lid=LSTCHCFYGAHXGHZCBGCHHVPAM&marketplace=GROCERY&q=cadbury&store=eat&srno=s_1_22&otracker=search&fm=organic&iid=ca12209c-b80e-4ab1-a39d-b0118a2aac1d.CHCFYGAHXGHZCBGC.SEARCH&ppt=None&ppn=None&ssid=39w6om3sds0000001626269806001&qH=e790a1d73db268d3
56,Cadbury Dairy Milk Fruit and Nut Chocolate Bars  (36 g),36,available,https://flipkart.com/cadbury-dairy-milk-fruit-nut-chocolate-bars/p/itmffmcykfarzhfv?pid=CHCEWXEHYHSEGYVD&lid=LSTCHCEWXEHYHSEGYVDYU8YKC&marketplace=GROCERY&q=cadbury&store=eat&srno=s_1_23&otracker=search&fm=organic&iid=ca12209c-b80e-4ab1-a39d-b0118a2aac1d.CHCEWXEHYHSEGYVD.SEARCH&ppt=None&ppn=None&ssid=39w6om3sds0000001626269806001&qH=e790a1d73db268d3
57,Cadbury Chocobakes Choc Filled Cookies Cream Filled  (75 g),25,available,https://flipkart.com/cadbury-chocobakes-choc-filled-cookies-cream/p/itmb0a4919888e94?pid=CKBFMMQUB5KYCGKH&lid=LSTCKBFMMQUB5KYCGKHO2BXKA&marketplace=GROCERY&q=cadbury&store=eat&srno=s_1_24&otracker=search&fm=organic&iid=ca12209c-b80e-4ab1-a39d-b0118a2aac1d.CKBFMMQUB5KYCGKH.SEARCH&ppt=None&ppn=None&ssid=39w6om3sds0000001626269806001&qH=e790a1d73db268d3
58,Cadbury Bournvita 5 Star Magic  (500 g),191,available,https://flipkart.com/cadbury-bournvita-5-star-magic/p/itmf5cq8wbdkwdtb?pid=MDMEUJWYCK9DRG4M&lid=LSTMDMEUJWYCK9DRG4MTLLFS0&marketplace=GROCERY&q=cadbury&store=eat&srno=s_1_25&otracker=search&fm=organic&iid=ca12209c-b80e-4ab1-a39d-b0118a2aac1d.MDMEUJWYCK9DRG4M.SEARCH&ppt=None&ppn=None&ssid=39w6om3sds0000001626269806001&qH=e790a1d73db268d3
59,Cadbury Bournvita Pro Health Vitamins  (200 g),95,available,https://flipkart.com/cadbury-bournvita-pro-health-vitamins/p/itmf9bmpk9fehjhv?pid=MDMETGN5ZHAPBXZG&lid=LSTMDMETGN5ZHAPBXZG42VLMT&marketplace=GROCERY&q=cadbury&store=eat&srno=s_1_26&otracker=search&fm=organic&iid=ca12209c-b80e-4ab1-a39d-b0118a2aac1d.MDMETGN5ZHAPBXZG.SEARCH&ppt=None&ppn=None&ssid=39w6om3sds0000001626269806001&qH=e790a1d73db268d3
60,Cadbury Champion's Pack Dairy Milk Chocolate Bars  (130 g),88,available,https://flipkart.com/cadbury-champion-s-pack-dairy-milk-chocolate-bars/p/itmffycreahh6hkx?pid=CHCFFYCRGJQEMTHQ&lid=LSTCHCFFYCRGJQEMTHQHDR4GT&marketplace=GROCERY&q=cadbury&store=eat&srno=s_1_27&otracker=search&fm=organic&iid=ca12209c-b80e-4ab1-a39d-b0118a2aac1d.CHCFFYCRGJQEMTHQ.SEARCH&ppt=None&ppn=None&ssid=39w6om3sds0000001626269806001&qH=e790a1d73db268d3
61,Cadbury Bournville Rich Cocoa Dark Chocolate Bars  (80 g),67,available,https://flipkart.com/cadbury-bournville-rich-cocoa-dark-chocolate-bars/p/itmfykgv2tjwgsnd?pid=CHCEWXEHQYXUVPZB&lid=LSTCHCEWXEHQYXUVPZBTJ0KDJ&marketplace=GROCERY&q=cadbury&store=eat&srno=s_1_28&otracker=search&fm=organic&iid=ca12209c-b80e-4ab1-a39d-b0118a2aac1d.CHCEWXEHQYXUVPZB.SEARCH&ppt=None&ppn=None&ssid=39w6om3sds0000001626269806001&qH=e790a1d73db268d3
62,Cadbury Fuse Chocolate Bars  (48 g),22,available,https://flipkart.com/cadbury-fuse-chocolate-bars/p/itmf5zuacr3xyatv?pid=CHCEWXEHPH4AZWQ5&lid=LSTCHCEWXEHPH4AZWQ5ZSGLEO&marketplace=GROCERY&q=cadbury&store=eat&srno=s_1_29&otracker=search&fm=organic&iid=ca12209c-b80e-4ab1-a39d-b0118a2aac1d.CHCEWXEHPH4AZWQ5.SEARCH&ppt=None&ppn=None&ssid=39w6om3sds0000001626269806001&qH=e790a1d73db268d3
63,"Cadbury Dairy Milk Chocolate Home Treats, 126g - Pack of 3 Bars  (3 x 126 g)",357,available,https://flipkart.com/cadbury-dairy-milk-chocolate-home-treats-126g-pack-3-bars/p/itmd804c55f0b29c?pid=CHCFPHDWSRJP7HND&lid=LSTCHCFPHDWSRJP7HNDNEK5M5&marketplace=FLIPKART&q=cadbury&store=eat&srno=s_1_30&otracker=search&fm=organic&iid=ca12209c-b80e-4ab1-a39d-b0118a2aac1d.CHCFPHDWSRJP7HND.SEARCH&ppt=None&ppn=None&ssid=39w6om3sds0000001626269806001&qH=e790a1d73db268d3
64,"Cadbury Dairy Milk Silk Mousse Chocolate Bar,116g-Pack of 3 Bars  (3 x 116 g)",493,available,https://flipkart.com/cadbury-dairy-milk-silk-mousse-chocolate-bar-116g-pack-3-bars/p/itm4d12fa111c617?pid=CHCFYZFDGTHDTV77&lid=LSTCHCFYZFDGTHDTV77BTTYWI&marketplace=FLIPKART&q=cadbury&store=eat&srno=s_1_31&otracker=search&fm=organic&iid=ca12209c-b80e-4ab1-a39d-b0118a2aac1d.CHCFYZFDGTHDTV77.SEARCH&ppt=None&ppn=None&ssid=39w6om3sds0000001626269806001&qH=e790a1d73db268d3
65,Cadbury Temptations Almond Treat Chocolate Bars  (72 g),88,available,https://flipkart.com/cadbury-temptations-almond-treat-chocolate-bars/p/itmewxehq39pyxmw?pid=CHCEWXEHYE2WDURK&lid=LSTCHCEWXEHYE2WDURKKA1TWF&marketplace=GROCERY&q=cadbury&store=eat&srno=s_1_32&otracker=search&fm=organic&iid=ca12209c-b80e-4ab1-a39d-b0118a2aac1d.CHCEWXEHYE2WDURK.SEARCH&ppt=None&ppn=None&ssid=39w6om3sds0000001626269806001&qH=e790a1d73db268d3
66,Cadbury Gems 7.9 Gm (Pack of 84) Crackles  (84 x 7.89 g),420,available,https://flipkart.com/cadbury-gems-7-9-gm-pack-84-crackles/p/itm5b924eb2b18b1?pid=CHCGFH89PDQFVS29&lid=LSTCHCGFH89PDQFVS29C39YSS&marketplace=FLIPKART&q=cadbury&store=eat&srno=s_1_33&otracker=search&fm=organic&iid=ca12209c-b80e-4ab1-a39d-b0118a2aac1d.CHCGFH89PDQFVS29.SEARCH&ppt=None&ppn=None&ssid=39w6om3sds0000001626269806001&qH=e790a1d73db268d3
67,Cadbury Dairy Milk Crackle Chocolate Bars  (10 x 36 g),419,available,https://flipkart.com/cadbury-dairy-milk-crackle-chocolate-bars/p/itmewxehzdpuauza?pid=CHCF3JY2VEDCX8PN&lid=LSTCHCF3JY2VEDCX8PNJIT499&marketplace=FLIPKART&q=cadbury&store=eat&srno=s_1_34&otracker=search&fm=organic&iid=ca12209c-b80e-4ab1-a39d-b0118a2aac1d.CHCF3JY2VEDCX8PN.SEARCH&ppt=None&ppn=None&ssid=39w6om3sds0000001626269806001&qH=e790a1d73db268d3
68,Cadbury Dairy Milk Silk Oreo Red Velvet Chocolate Bars  (130 g),153,available,https://flipkart.com/cadbury-dairy-milk-silk-oreo-red-velvet-chocolate-bars/p/itmfgzgfmckt6hgh?pid=CHCFGZGFQZ34F6GQ&lid=LSTCHCFGZGFQZ34F6GQH1W7RZ&marketplace=GROCERY&q=cadbury&store=eat&srno=s_1_35&otracker=search&fm=organic&iid=ca12209c-b80e-4ab1-a39d-b0118a2aac1d.CHCFGZGFQZ34F6GQ.SEARCH&ppt=None&ppn=None&ssid=39w6om3sds0000001626269806001&qH=e790a1d73db268d3
69,"Cadbury Dairy Milk Silk Chocolate Bar, 60 gm - Pack of 6 Bars  (6 x 60 g)",420,available,https://flipkart.com/cadbury-dairy-milk-silk-chocolate-bar-60-gm-pack-6-bars/p/itma2190083c3f33?pid=CHCFFVPEKQQN747T&lid=LSTCHCFFVPEKQQN747TTUBHUW&marketplace=FLIPKART&q=cadbury&store=eat&srno=s_1_36&otracker=search&fm=organic&iid=ca12209c-b80e-4ab1-a39d-b0118a2aac1d.CHCFFVPEKQQN747T.SEARCH&ppt=None&ppn=None&ssid=39w6om3sds0000001626269806001&qH=e790a1d73db268d3
70,Cadbury Bournvita Inner strength formula  (1 kg),330,available,https://flipkart.com/cadbury-bournvita-inner-strength-formula/p/itmfcs7y9swuk29p?pid=MDMFYFXPHYTN6ZJA&lid=LSTMDMFYFXPHYTN6ZJAWJUQPF&marketplace=GROCERY&q=cadbury&store=eat&srno=s_1_37&otracker=search&fm=organic&iid=ca12209c-b80e-4ab1-a39d-b0118a2aac1d.MDMFYFXPHYTN6ZJA.SEARCH&ppt=None&ppn=None&ssid=39w6om3sds0000001626269806001&qH=e790a1d73db268d3
71,"Cadbury Bournvita Health Drink Nutrition Drink  (500 g, Chocolate Flavored)",194,available,https://flipkart.com/cadbury-bournvita-health-drink-nutrition/p/itmfhf8pfdw8gxb5?pid=ESRFCTFK9ZBX9JE5&lid=LSTESRFCTFK9ZBX9JE5AAVLCL&marketplace=FLIPKART&q=cadbury&store=eat&srno=s_1_38&otracker=search&fm=organic&iid=ca12209c-b80e-4ab1-a39d-b0118a2aac1d.ESRFCTFK9ZBX9JE5.SEARCH&ppt=None&ppn=None&ssid=39w6om3sds0000001626269806001&qH=e790a1d73db268d3
72,"Cadbury Bournvita 5 Star Magic Health Nutrition Drink  (500 g, Chocolate Flavored)",235,available,https://flipkart.com/cadbury-bournvita-5-star-magic-health-nutrition-drink/p/itmfd4gzcjqck23x?pid=ESRFD4GZZVZFXXFZ&lid=LSTESRFD4GZZVZFXXFZHUK9SC&marketplace=FLIPKART&q=cadbury&store=eat&srno=s_1_39&otracker=search&fm=organic&iid=ca12209c-b80e-4ab1-a39d-b0118a2aac1d.ESRFD4GZZVZFXXFZ.SEARCH&ppt=None&ppn=None&ssid=39w6om3sds0000001626269806001&qH=e790a1d73db268d3
73,Cadbury Shots 208.8g (Pack of 5) Truffles  (5 x 208.8 g),560,available,https://flipkart.com/cadbury-shots-208-8g-pack-5-truffles/p/itm724a165aaf5e7?pid=CHCG3HS6VJUWP863&lid=LSTCHCG3HS6VJUWP8633KHCBO&marketplace=FLIPKART&q=cadbury&store=eat&srno=s_1_40&otracker=search&fm=organic&iid=ca12209c-b80e-4ab1-a39d-b0118a2aac1d.CHCG3HS6VJUWP863.SEARCH&ppt=None&ppn=None&ssid=39w6om3sds0000001626269806001&qH=e790a1d73db268d3
74,Cadbury DAIRY MILK SILK FRUIT & NUT 137 GM Bars  (137 g),153,available,https://flipkart.com/cadbury-dairy-milk-silk-fruit-nut-137-gm-bars/p/itm2612deb31dc6c?pid=CHCEWXEHZNFZPZVW&lid=LSTCHCEWXEHZNFZPZVWAICL0M&marketplace=GROCERY&q=cadbury&store=eat&srno=s_1_1&otracker=search&fm=organic&iid=bac7e810-6069-40cd-a02a-ca6c6f382aeb.CHCEWXEHZNFZPZVW.SEARCH&ppt=None&ppn=None&ssid=hsvhihs88g0000001626270126155&qH=e790a1d73db268d3
75,Cadbury Dairy Milk Home Treats Chocolate Bars  (126 g),96,available,https://flipkart.com/cadbury-dairy-milk-home-treats-chocolate-bars/p/itmewxeh9gyxubsf?pid=CHCEWXEHHEZSAUQS&lid=LSTCHCEWXEHHEZSAUQSNA2VZU&marketplace=GROCERY&q=cadbury&store=eat&spotlightTagId=BestsellerId_eat&srno=s_1_2&otracker=search&fm=organic&iid=bac7e810-6069-40cd-a02a-ca6c6f382aeb.CHCEWXEHHEZSAUQS.SEARCH&ppt=None&ppn=None&ssid=hsvhihs88g0000001626270126155&qH=e790a1d73db268d3
76,Cadbury Nutties Crackles  (30 g),35,available,https://flipkart.com/cadbury-nutties-crackles/p/itmf2asrqwbdrvwy?pid=CHCF2ASRCJZJHV8A&lid=LSTCHCF2ASRCJZJHV8AFINM2W&marketplace=GROCERY&q=cadbury&store=eat&srno=s_1_3&otracker=search&fm=organic&iid=bac7e810-6069-40cd-a02a-ca6c6f382aeb.CHCF2ASRCJZJHV8A.SEARCH&ppt=None&ppn=None&ssid=hsvhihs88g0000001626270126155&qH=e790a1d73db268d3
77,Cadbury Gems Surprise Chocolate Crackles  (15.8 g),45,available,https://flipkart.com/cadbury-gems-surprise-chocolate-crackles/p/itmewxehrv4yxr6s?pid=CHCEWXEHUTZQHCQR&lid=LSTCHCEWXEHUTZQHCQRQUQB3G&marketplace=GROCERY&q=cadbury&store=eat&srno=s_1_4&otracker=search&fm=organic&iid=bac7e810-6069-40cd-a02a-ca6c6f382aeb.CHCEWXEHUTZQHCQR.SEARCH&ppt=None&ppn=None&ssid=hsvhihs88g0000001626270126155&qH=e790a1d73db268d3
78,Cadbury Dairy Milk Silk Fruit and Nut Chocolate Bars  (55 g),66,available,https://flipkart.com/cadbury-dairy-milk-silk-fruit-nut-chocolate-bars/p/itmfykkycdgy3p5v?pid=CHCEWXEHNUTNFAQU&lid=LSTCHCEWXEHNUTNFAQUJRLU50&marketplace=GROCERY&q=cadbury&store=eat&srno=s_1_5&otracker=search&fm=organic&iid=bac7e810-6069-40cd-a02a-ca6c6f382aeb.CHCEWXEHNUTNFAQU.SEARCH&ppt=None&ppn=None&ssid=hsvhihs88g0000001626270126155&qH=e790a1d73db268d3
79,Cadbury 5 Star Oreo Bars  (42 g),31,available,https://flipkart.com/cadbury-5-star-oreo-bars/p/itmfad666c93291d?pid=CHCFZBBZZABGEZGW&lid=LSTCHCFZBBZZABGEZGWV4FHQI&marketplace=GROCERY&q=cadbury&store=eat&srno=s_1_6&otracker=search&fm=organic&iid=bac7e810-6069-40cd-a02a-ca6c6f382aeb.CHCFZBBZZABGEZGW.SEARCH&ppt=None&ppn=None&ssid=hsvhihs88g0000001626270126155&qH=e790a1d73db268d3
80,Cadbury Dairy Milk Silk Mousse Bars  (50 g),80,available,https://flipkart.com/cadbury-dairy-milk-silk-mousse-bars/p/itm2fb4573ed4730?pid=CHCFXMEYSTEZEHFP&lid=LSTCHCFXMEYSTEZEHFPKS6FPN&marketplace=GROCERY&q=cadbury&store=eat&srno=s_1_7&otracker=search&fm=organic&iid=bac7e810-6069-40cd-a02a-ca6c6f382aeb.CHCFXMEYSTEZEHFP.SEARCH&ppt=None&ppn=None&ssid=hsvhihs88g0000001626270126155&qH=e790a1d73db268d3
81,Cadbury Dairy Milk Crispello Bars  (33 g),25,available,https://flipkart.com/cadbury-dairy-milk-crispello-bars/p/itmf8h3hupk5yuhy?pid=CHCF8H3HWUXT6DQR&lid=LSTCHCF8H3HWUXT6DQRQQZWOA&marketplace=GROCERY&q=cadbury&store=eat&srno=s_1_8&otracker=search&fm=organic&iid=bac7e810-6069-40cd-a02a-ca6c6f382aeb.CHCF8H3HWUXT6DQR.SEARCH&ppt=None&ppn=None&ssid=hsvhihs88g0000001626270126155&qH=e790a1d73db268d3
82,Cadbury 5 Star Home Treats Bars  (200 g),93,available,https://flipkart.com/cadbury-5-star-home-treats-bars/p/itmewxehjvp86fh6?pid=CHCEWXEHFYZSRJPH&lid=LSTCHCEWXEHFYZSRJPHS723MY&marketplace=GROCERY&q=cadbury&store=eat&srno=s_1_9&otracker=search&fm=organic&iid=bac7e810-6069-40cd-a02a-ca6c6f382aeb.CHCEWXEHFYZSRJPH.SEARCH&ppt=None&ppn=None&ssid=hsvhihs88g0000001626270126155&qH=e790a1d73db268d3
83,Cadbury Dairy Milk Chocolate Bars  (23 g),17,available,https://flipkart.com/cadbury-dairy-milk-chocolate-bars/p/itmfykkytzh9fkwm?pid=CHCEWXEHQJDGFCNJ&lid=LSTCHCEWXEHQJDGFCNJQSE2GG&marketplace=GROCERY&q=cadbury&store=eat&srno=s_1_10&otracker=search&fm=organic&iid=bac7e810-6069-40cd-a02a-ca6c6f382aeb.CHCEWXEHQJDGFCNJ.SEARCH&ppt=None&ppn=None&ssid=hsvhihs88g0000001626270126155&qH=e790a1d73db268d3
84,Cadbury Bournvita Inner Strength  (1 kg),350,available,https://flipkart.com/cadbury-bournvita-inner-strength/p/itmf2ba171e374f0?pid=MDMETGN5AXBVGCSW&lid=LSTMDMETGN5AXBVGCSWAXMEAW&marketplace=GROCERY&q=cadbury&store=eat&srno=s_1_11&otracker=search&fm=organic&iid=bac7e810-6069-40cd-a02a-ca6c6f382aeb.MDMETGN5AXBVGCSW.SEARCH&ppt=None&ppn=None&ssid=hsvhihs88g0000001626270126155&qH=e790a1d73db268d3
85,Cadbury Bournvita Health  (500 g),193,available,https://flipkart.com/cadbury-bournvita-health/p/itmfgx4gxuzqbdgg?pid=MDMETGN5PGW4R2QF&lid=LSTMDMETGN5PGW4R2QF9B3KVC&marketplace=GROCERY&q=cadbury&store=eat&srno=s_1_12&otracker=search&fm=organic&iid=bac7e810-6069-40cd-a02a-ca6c6f382aeb.MDMETGN5PGW4R2QF.SEARCH&ppt=None&ppn=None&ssid=hsvhihs88g0000001626270126155&qH=e790a1d73db268d3
86,Cadbury Bournvita Health Drink Pouch  (750 g),240,available,https://flipkart.com/cadbury-bournvita-health-drink-pouch/p/itm1da9c63ce20df?pid=MDMETGN5XTYUENFH&lid=LSTMDMETGN5XTYUENFHTSQUCU&marketplace=GROCERY&q=cadbury&store=eat&srno=s_1_13&otracker=search&fm=organic&iid=bac7e810-6069-40cd-a02a-ca6c6f382aeb.MDMETGN5XTYUENFH.SEARCH&ppt=None&ppn=None&ssid=hsvhihs88g0000001626270126155&qH=e790a1d73db268d3
87,Cadbury Dairy Milk Silk Oreo Chocolate Bars  (60 g),66,available,https://flipkart.com/cadbury-dairy-milk-silk-oreo-chocolate-bars/p/itmfykkyhfhtzykb?pid=CHCEWXEHHJGN3YXZ&lid=LSTCHCEWXEHHJGN3YXZGSOHDJ&marketplace=GROCERY&q=cadbury&store=eat&srno=s_1_14&otracker=search&fm=organic&iid=bac7e810-6069-40cd-a02a-ca6c6f382aeb.CHCEWXEHHJGN3YXZ.SEARCH&ppt=None&ppn=None&ssid=hsvhihs88g0000001626270126155&qH=e790a1d73db268d3
88,Cadbury Shots Truffles  (2 x 208.8 g),224,available,https://flipkart.com/cadbury-shots-truffles/p/itmfcmm637vkxmkh?pid=CHCFCHDAQ6JXEYAR&lid=LSTCHCFCHDAQ6JXEYARQJ99VI&marketplace=FLIPKART&q=cadbury&store=eat&srno=s_1_15&otracker=search&fm=organic&iid=bac7e810-6069-40cd-a02a-ca6c6f382aeb.CHCFCHDAQ6JXEYAR.SEARCH&ppt=None&ppn=None&ssid=hsvhihs88g0000001626270126155&qH=e790a1d73db268d3
89,Cadbury Bournville 50% Cocoa Dark Chocolate Bar 80 g (Pack of 5) Bars  (5 x 80 g),400,available,https://flipkart.com/cadbury-bournville-50-cocoa-dark-chocolate-bar-80-g-pack-5-bars/p/itmf9fa5n92xsxzx?pid=CHCF9FYBWB7FGXFN&lid=LSTCHCF9FYBWB7FGXFNLOIUIP&marketplace=FLIPKART&q=cadbury&store=eat&srno=s_1_16&otracker=search&fm=organic&iid=bac7e810-6069-40cd-a02a-ca6c6f382aeb.CHCF9FYBWB7FGXFN.SEARCH&ppt=None&ppn=None&ssid=hsvhihs88g0000001626270126155&qH=e790a1d73db268d3
90,Cadbury Dairy Milk Silk Chocolate Bars  (150 g),140,available,https://flipkart.com/cadbury-dairy-milk-silk-chocolate-bars/p/itmfafsamwpq6ksx?pid=CHCEWXEHUUAYMYWS&lid=LSTCHCEWXEHUUAYMYWSIVMQMM&marketplace=GROCERY&q=cadbury&store=eat&srno=s_1_17&otracker=search&fm=organic&iid=bac7e810-6069-40cd-a02a-ca6c6f382aeb.CHCEWXEHUUAYMYWS.SEARCH&ppt=None&ppn=None&ssid=hsvhihs88g0000001626270126155&qH=e790a1d73db268d3
91,"Cadbury Dairy Milk Silk Roast Almond Chocolate Bar, 58g – Pack of 8 Bars  (8 x 58 g)",608,available,https://flipkart.com/cadbury-dairy-milk-silk-roast-almond-chocolate-bar-58g-pack-8-bars/p/itm75e9b7b49a60f?pid=CHCFJHMKGMEDPBF9&lid=LSTCHCFJHMKGMEDPBF9WCFFWG&marketplace=FLIPKART&q=cadbury&store=eat&srno=s_1_18&otracker=search&fm=organic&iid=bac7e810-6069-40cd-a02a-ca6c6f382aeb.CHCFJHMKGMEDPBF9.SEARCH&ppt=None&ppn=None&ssid=hsvhihs88g0000001626270126155&qH=e790a1d73db268d3
92,"Cadbury Dairy Milk Chocolate Bar, 52 gm Maha Pack Pack of 15 Bars  (15 x 52 g)",558,available,https://flipkart.com/cadbury-dairy-milk-chocolate-bar-52-gm-maha-pack-15-bars/p/itmf9utytfdjdhdy?pid=CHCF9RZSEQFUFYFM&lid=LSTCHCF9RZSEQFUFYFMVMJDSC&marketplace=FLIPKART&q=cadbury&store=eat&srno=s_1_19&otracker=search&fm=organic&iid=bac7e810-6069-40cd-a02a-ca6c6f382aeb.CHCF9RZSEQFUFYFM.SEARCH&ppt=None&ppn=None&ssid=hsvhihs88g0000001626270126155&qH=e790a1d73db268d3
93,Cadbury Crispello Chocolate Bar 33 g (Pack of 15) Brittles  (15 x 33 g),450,available,https://flipkart.com/cadbury-crispello-chocolate-bar-33-g-pack-15-brittles/p/itmfaazzpgzrpuhp?pid=CHCFAAB9QG4UVA8W&lid=LSTCHCFAAB9QG4UVA8WJ54VAF&marketplace=FLIPKART&q=cadbury&store=eat&srno=s_1_20&otracker=search&fm=organic&iid=bac7e810-6069-40cd-a02a-ca6c6f382aeb.CHCFAAB9QG4UVA8W.SEARCH&ppt=None&ppn=None&ssid=hsvhihs88g0000001626270126155&qH=e790a1d73db268d3
94,Cadbury Perk Home Treats Chocolate Bars  (173.7 g),65,available,https://flipkart.com/cadbury-perk-home-treats-chocolate-bars/p/itmewxehgsaw7mnu?pid=CHCEWXEHJSPFHHNM&lid=LSTCHCEWXEHJSPFHHNMUIJX0V&marketplace=GROCERY&q=cadbury&store=eat&srno=s_1_21&otracker=search&fm=organic&iid=bac7e810-6069-40cd-a02a-ca6c6f382aeb.CHCEWXEHJSPFHHNM.SEARCH&ppt=None&ppn=None&ssid=hsvhihs88g0000001626270126155&qH=e790a1d73db268d3
95,Cadbury Gems Minis Crackles  (142.2 g),100,available,https://flipkart.com/cadbury-gems-minis-crackles/p/itm0add99808eea6?pid=CHCFYGAHXGHZCBGC&lid=LSTCHCFYGAHXGHZCBGCHHVPAM&marketplace=GROCERY&q=cadbury&store=eat&srno=s_1_22&otracker=search&fm=organic&iid=bac7e810-6069-40cd-a02a-ca6c6f382aeb.CHCFYGAHXGHZCBGC.SEARCH&ppt=None&ppn=None&ssid=hsvhihs88g0000001626270126155&qH=e790a1d73db268d3
96,Cadbury Dairy Milk Fruit and Nut Chocolate Bars  (36 g),36,available,https://flipkart.com/cadbury-dairy-milk-fruit-nut-chocolate-bars/p/itmffmcykfarzhfv?pid=CHCEWXEHYHSEGYVD&lid=LSTCHCEWXEHYHSEGYVDYU8YKC&marketplace=GROCERY&q=cadbury&store=eat&srno=s_1_23&otracker=search&fm=organic&iid=bac7e810-6069-40cd-a02a-ca6c6f382aeb.CHCEWXEHYHSEGYVD.SEARCH&ppt=None&ppn=None&ssid=hsvhihs88g0000001626270126155&qH=e790a1d73db268d3
97,Cadbury Chocobakes Choc Filled Cookies Cream Filled  (75 g),25,available,https://flipkart.com/cadbury-chocobakes-choc-filled-cookies-cream/p/itmb0a4919888e94?pid=CKBFMMQUB5KYCGKH&lid=LSTCKBFMMQUB5KYCGKHO2BXKA&marketplace=GROCERY&q=cadbury&store=eat&srno=s_1_24&otracker=search&fm=organic&iid=bac7e810-6069-40cd-a02a-ca6c6f382aeb.CKBFMMQUB5KYCGKH.SEARCH&ppt=None&ppn=None&ssid=hsvhihs88g0000001626270126155&qH=e790a1d73db268d3
98,Cadbury Bournvita 5 Star Magic  (500 g),191,available,https://flipkart.com/cadbury-bournvita-5-star-magic/p/itmf5cq8wbdkwdtb?pid=MDMEUJWYCK9DRG4M&lid=LSTMDMEUJWYCK9DRG4MTLLFS0&marketplace=GROCERY&q=cadbury&store=eat&srno=s_1_25&otracker=search&fm=organic&iid=bac7e810-6069-40cd-a02a-ca6c6f382aeb.MDMEUJWYCK9DRG4M.SEARCH&ppt=None&ppn=None&ssid=hsvhihs88g0000001626270126155&qH=e790a1d73db268d3
99,Cadbury Bournvita Pro Health Vitamins  (200 g),95,available,https://flipkart.com/cadbury-bournvita-pro-health-vitamins/p/itmf9bmpk9fehjhv?pid=MDMETGN5ZHAPBXZG&lid=LSTMDMETGN5ZHAPBXZG42VLMT&marketplace=GROCERY&q=cadbury&store=eat&srno=s_1_26&otracker=search&fm=organic&iid=bac7e810-6069-40cd-a02a-ca6c6f382aeb.MDMETGN5ZHAPBXZG.SEARCH&ppt=None&ppn=None&ssid=hsvhihs88g0000001626270126155&qH=e790a1d73db268d3
100,Cadbury Champion's Pack Dairy Milk Chocolate Bars  (130 g),88,available,https://flipkart.com/cadbury-champion-s-pack-dairy-milk-chocolate-bars/p/itmffycreahh6hkx?pid=CHCFFYCRGJQEMTHQ&lid=LSTCHCFFYCRGJQEMTHQHDR4GT&marketplace=GROCERY&q=cadbury&store=eat&srno=s_1_27&otracker=search&fm=organic&iid=bac7e810-6069-40cd-a02a-ca6c6f382aeb.CHCFFYCRGJQEMTHQ.SEARCH&ppt=None&ppn=None&ssid=hsvhihs88g0000001626270126155&qH=e790a1d73db268d3
101,Cadbury Bournville Rich Cocoa Dark Chocolate Bars  (80 g),67,available,https://flipkart.com/cadbury-bournville-rich-cocoa-dark-chocolate-bars/p/itmfykgv2tjwgsnd?pid=CHCEWXEHQYXUVPZB&lid=LSTCHCEWXEHQYXUVPZBTJ0KDJ&marketplace=GROCERY&q=cadbury&store=eat&srno=s_1_28&otracker=search&fm=organic&iid=bac7e810-6069-40cd-a02a-ca6c6f382aeb.CHCEWXEHQYXUVPZB.SEARCH&ppt=None&ppn=None&ssid=hsvhihs88g0000001626270126155&qH=e790a1d73db268d3
102,Cadbury Fuse Chocolate Bars  (48 g),22,available,https://flipkart.com/cadbury-fuse-chocolate-bars/p/itmf5zuacr3xyatv?pid=CHCEWXEHPH4AZWQ5&lid=LSTCHCEWXEHPH4AZWQ5ZSGLEO&marketplace=GROCERY&q=cadbury&store=eat&srno=s_1_29&otracker=search&fm=organic&iid=bac7e810-6069-40cd-a02a-ca6c6f382aeb.CHCEWXEHPH4AZWQ5.SEARCH&ppt=None&ppn=None&ssid=hsvhihs88g0000001626270126155&qH=e790a1d73db268d3
103,"Cadbury Dairy Milk Chocolate Home Treats, 126g - Pack of 3 Bars  (3 x 126 g)",357,available,https://flipkart.com/cadbury-dairy-milk-chocolate-home-treats-126g-pack-3-bars/p/itmd804c55f0b29c?pid=CHCFPHDWSRJP7HND&lid=LSTCHCFPHDWSRJP7HNDNEK5M5&marketplace=FLIPKART&q=cadbury&store=eat&srno=s_1_30&otracker=search&fm=organic&iid=bac7e810-6069-40cd-a02a-ca6c6f382aeb.CHCFPHDWSRJP7HND.SEARCH&ppt=None&ppn=None&ssid=hsvhihs88g0000001626270126155&qH=e790a1d73db268d3
104,"Cadbury Dairy Milk Silk Mousse Chocolate Bar,116g-Pack of 3 Bars  (3 x 116 g)",493,available,https://flipkart.com/cadbury-dairy-milk-silk-mousse-chocolate-bar-116g-pack-3-bars/p/itm4d12fa111c617?pid=CHCFYZFDGTHDTV77&lid=LSTCHCFYZFDGTHDTV77BTTYWI&marketplace=FLIPKART&q=cadbury&store=eat&srno=s_1_31&otracker=search&fm=organic&iid=bac7e810-6069-40cd-a02a-ca6c6f382aeb.CHCFYZFDGTHDTV77.SEARCH&ppt=None&ppn=None&ssid=hsvhihs88g0000001626270126155&qH=e790a1d73db268d3
105,Cadbury Temptations Almond Treat Chocolate Bars  (72 g),88,available,https://flipkart.com/cadbury-temptations-almond-treat-chocolate-bars/p/itmewxehq39pyxmw?pid=CHCEWXEHYE2WDURK&lid=LSTCHCEWXEHYE2WDURKKA1TWF&marketplace=GROCERY&q=cadbury&store=eat&srno=s_1_32&otracker=search&fm=organic&iid=bac7e810-6069-40cd-a02a-ca6c6f382aeb.CHCEWXEHYE2WDURK.SEARCH&ppt=None&ppn=None&ssid=hsvhihs88g0000001626270126155&qH=e790a1d73db268d3
106,Cadbury Gems 7.9 Gm (Pack of 84) Crackles  (84 x 7.89 g),420,available,https://flipkart.com/cadbury-gems-7-9-gm-pack-84-crackles/p/itm5b924eb2b18b1?pid=CHCGFH89PDQFVS29&lid=LSTCHCGFH89PDQFVS29C39YSS&marketplace=FLIPKART&q=cadbury&store=eat&srno=s_1_33&otracker=search&fm=organic&iid=bac7e810-6069-40cd-a02a-ca6c6f382aeb.CHCGFH89PDQFVS29.SEARCH&ppt=None&ppn=None&ssid=hsvhihs88g0000001626270126155&qH=e790a1d73db268d3
107,Cadbury Dairy Milk Crackle Chocolate Bars  (10 x 36 g),419,available,https://flipkart.com/cadbury-dairy-milk-crackle-chocolate-bars/p/itmewxehzdpuauza?pid=CHCF3JY2VEDCX8PN&lid=LSTCHCF3JY2VEDCX8PNJIT499&marketplace=FLIPKART&q=cadbury&store=eat&srno=s_1_34&otracker=search&fm=organic&iid=bac7e810-6069-40cd-a02a-ca6c6f382aeb.CHCF3JY2VEDCX8PN.SEARCH&ppt=None&ppn=None&ssid=hsvhihs88g0000001626270126155&qH=e790a1d73db268d3
108,Cadbury Dairy Milk Silk Oreo Red Velvet Chocolate Bars  (130 g),153,available,https://flipkart.com/cadbury-dairy-milk-silk-oreo-red-velvet-chocolate-bars/p/itmfgzgfmckt6hgh?pid=CHCFGZGFQZ34F6GQ&lid=LSTCHCFGZGFQZ34F6GQH1W7RZ&marketplace=GROCERY&q=cadbury&store=eat&srno=s_1_35&otracker=search&fm=organic&iid=bac7e810-6069-40cd-a02a-ca6c6f382aeb.CHCFGZGFQZ34F6GQ.SEARCH&ppt=None&ppn=None&ssid=hsvhihs88g0000001626270126155&qH=e790a1d73db268d3
109,"Cadbury Dairy Milk Silk Chocolate Bar, 60 gm - Pack of 6 Bars  (6 x 60 g)",420,available,https://flipkart.com/cadbury-dairy-milk-silk-chocolate-bar-60-gm-pack-6-bars/p/itma2190083c3f33?pid=CHCFFVPEKQQN747T&lid=LSTCHCFFVPEKQQN747TTUBHUW&marketplace=FLIPKART&q=cadbury&store=eat&srno=s_1_36&otracker=search&fm=organic&iid=bac7e810-6069-40cd-a02a-ca6c6f382aeb.CHCFFVPEKQQN747T.SEARCH&ppt=None&ppn=None&ssid=hsvhihs88g0000001626270126155&qH=e790a1d73db268d3
110,Cadbury Bournvita Inner strength formula  (1 kg),330,available,https://flipkart.com/cadbury-bournvita-inner-strength-formula/p/itmfcs7y9swuk29p?pid=MDMFYFXPHYTN6ZJA&lid=LSTMDMFYFXPHYTN6ZJAWJUQPF&marketplace=GROCERY&q=cadbury&store=eat&srno=s_1_37&otracker=search&fm=organic&iid=bac7e810-6069-40cd-a02a-ca6c6f382aeb.MDMFYFXPHYTN6ZJA.SEARCH&ppt=None&ppn=None&ssid=hsvhihs88g0000001626270126155&qH=e790a1d73db268d3
111,"Cadbury Bournvita Health Drink Nutrition Drink  (500 g, Chocolate Flavored)",194,available,https://flipkart.com/cadbury-bournvita-health-drink-nutrition/p/itmfhf8pfdw8gxb5?pid=ESRFCTFK9ZBX9JE5&lid=LSTESRFCTFK9ZBX9JE5AAVLCL&marketplace=FLIPKART&q=cadbury&store=eat&srno=s_1_38&otracker=search&fm=organic&iid=bac7e810-6069-40cd-a02a-ca6c6f382aeb.ESRFCTFK9ZBX9JE5.SEARCH&ppt=None&ppn=None&ssid=hsvhihs88g0000001626270126155&qH=e790a1d73db268d3
112,"Cadbury Bournvita 5 Star Magic Health Nutrition Drink  (500 g, Chocolate Flavored)",235,available,https://flipkart.com/cadbury-bournvita-5-star-magic-health-nutrition-drink/p/itmfd4gzcjqck23x?pid=ESRFD4GZZVZFXXFZ&lid=LSTESRFD4GZZVZFXXFZHUK9SC&marketplace=FLIPKART&q=cadbury&store=eat&srno=s_1_39&otracker=search&fm=organic&iid=bac7e810-6069-40cd-a02a-ca6c6f382aeb.ESRFD4GZZVZFXXFZ.SEARCH&ppt=None&ppn=None&ssid=hsvhihs88g0000001626270126155&qH=e790a1d73db268d3
113,Cadbury Shots 208.8g (Pack of 5) Truffles  (5 x 208.8 g),560,available,https://flipkart.com/cadbury-shots-208-8g-pack-5-truffles/p/itm724a165aaf5e7?pid=CHCG3HS6VJUWP863&lid=LSTCHCG3HS6VJUWP8633KHCBO&marketplace=FLIPKART&q=cadbury&store=eat&srno=s_1_40&otracker=search&fm=organic&iid=bac7e810-6069-40cd-a02a-ca6c6f382aeb.CHCG3HS6VJUWP863.SEARCH&ppt=None&ppn=None&ssid=hsvhihs88g0000001626270126155&qH=e790a1d73db268d3
114,Vu Premium 108 cm (43 inch) Full HD LED Smart Android TV  (43US),24999,available,https://flipkart.com/vu-premium-108-cm-43-inch-full-hd-led-smart-android-tv/p/itmcdec1be66fe17?pid=TVSFZGK7BT8RCGUQ&lid=LSTTVSFZGK7BT8RCGUQ5LRPZU&marketplace=FLIPKART&q=Vu&store=ckf%2Fczl&srno=s_1_1&otracker=search&fm=organic&iid=5f11bb6d-18c8-4c82-9ef6-917f7d3d452d.TVSFZGK7BT8RCGUQ.SEARCH&ppt=None&ppn=None&ssid=j6cxea6t740000001626270454253&qH=7c87b7e19d52cd86
115,Vu Premium 108 cm (43 inch) Ultra HD (4K) LED Smart Android TV  (43PM),30999,available,https://flipkart.com/vu-premium-108-cm-43-inch-ultra-hd-4k-led-smart-android-tv/p/itm20f01d180b1f3?pid=TVSFPENZWHAAVD7Z&lid=LSTTVSFPENZWHAAVD7ZHAI4UF&marketplace=FLIPKART&q=Vu&store=ckf%2Fczl&srno=s_1_2&otracker=search&fm=organic&iid=5f11bb6d-18c8-4c82-9ef6-917f7d3d452d.TVSFPENZWHAAVD7Z.SEARCH&ppt=None&ppn=None&ssid=j6cxea6t740000001626270454253&qH=7c87b7e19d52cd86
116,Vu Premium 126 cm (50 inch) Ultra HD (4K) LED Smart Android TV  (50PM),36999,available,https://flipkart.com/vu-premium-126-cm-50-inch-ultra-hd-4k-led-smart-android-tv/p/itm4f13ca85bb598?pid=TVSFPENZ3SZHXXZA&lid=LSTTVSFPENZ3SZHXXZAX81MEA&marketplace=FLIPKART&q=Vu&store=ckf%2Fczl&srno=s_1_3&otracker=search&fm=organic&iid=5f11bb6d-18c8-4c82-9ef6-917f7d3d452d.TVSFPENZ3SZHXXZA.SEARCH&ppt=None&ppn=None&ssid=j6cxea6t740000001626270454253&qH=7c87b7e19d52cd86
117,Vu Premium 139 cm (55 inch) Ultra HD (4K) LED Smart Android TV  (55PM),43999,available,https://flipkart.com/vu-premium-139-cm-55-inch-ultra-hd-4k-led-smart-android-tv/p/itm15edd0f5f73f4?pid=TVSFPENZUMTBQAHG&lid=LSTTVSFPENZUMTBQAHGKKIHQX&marketplace=FLIPKART&q=Vu&store=ckf%2Fczl&srno=s_1_4&otracker=search&fm=organic&iid=5f11bb6d-18c8-4c82-9ef6-917f7d3d452d.TVSFPENZUMTBQAHG.SEARCH&ppt=None&ppn=None&ssid=j6cxea6t740000001626270454253&qH=7c87b7e19d52cd86
118,Vu Premium 80 cm (32 inch) HD Ready LED Smart Android TV  (32US),14999,available,https://flipkart.com/vu-premium-80-cm-32-inch-hd-ready-led-smart-android-tv/p/itm83652f324d15e?pid=TVSFZGK7HGHHGYGH&lid=LSTTVSFZGK7HGHHGYGH0BSTF5&marketplace=FLIPKART&q=Vu&store=ckf%2Fczl&srno=s_1_5&otracker=search&fm=organic&iid=5f11bb6d-18c8-4c82-9ef6-917f7d3d452d.TVSFZGK7HGHHGYGH.SEARCH&ppt=None&ppn=None&ssid=j6cxea6t740000001626270454253&qH=7c87b7e19d52cd86
119,Vu 108 cm (43 inch) Ultra HD (4K) LED Smart Android TV  (43CA),32999,available,https://flipkart.com/vu-108-cm-43-inch-ultra-hd-4k-led-smart-android-tv/p/itmd98cbdb233ae6?pid=TVSFZARWGJSCH2YH&lid=LSTTVSFZARWGJSCH2YHXJQ0PY&marketplace=FLIPKART&q=Vu&store=ckf%2Fczl&spotlightTagId=TrendingId_ckf%2Fczl&srno=s_1_6&otracker=search&fm=organic&iid=5f11bb6d-18c8-4c82-9ef6-917f7d3d452d.TVSFZARWGJSCH2YH.SEARCH&ppt=None&ppn=None&ssid=j6cxea6t740000001626270454253&qH=7c87b7e19d52cd86
120,Vu Cinema TV Action Series 164 cm (65 inch) Ultra HD (4K) LED Smart Android TV with Sound by JBL  (65LX),68499,available,https://flipkart.com/vu-cinema-tv-action-series-164-cm-65-inch-ultra-hd-4k-led-smart-android-sound-jbl/p/itm021164ffd7d49?pid=TVSFXQYGTMPGQZYX&lid=LSTTVSFXQYGTMPGQZYX7OPPKG&marketplace=FLIPKART&q=Vu&store=ckf%2Fczl&srno=s_1_7&otracker=search&fm=organic&iid=5f11bb6d-18c8-4c82-9ef6-917f7d3d452d.TVSFXQYGTMPGQZYX.SEARCH&ppt=None&ppn=None&ssid=j6cxea6t740000001626270454253&qH=7c87b7e19d52cd86
121,Vu Cinema TV Action Series 139 cm (55 inch) Ultra HD (4K) LED Smart Android TV with Sound by JBL  (55LX),49999,available,https://flipkart.com/vu-cinema-tv-action-series-139-cm-55-inch-ultra-hd-4k-led-smart-android-sound-jbl/p/itmc122174ee1ed5?pid=TVSFXQYGRHDBCYGF&lid=LSTTVSFXQYGRHDBCYGFXUVRLT&marketplace=FLIPKART&q=Vu&store=ckf%2Fczl&srno=s_1_8&otracker=search&fm=organic&iid=5f11bb6d-18c8-4c82-9ef6-917f7d3d452d.TVSFXQYGRHDBCYGF.SEARCH&ppt=None&ppn=None&ssid=j6cxea6t740000001626270454253&qH=7c87b7e19d52cd86
122,Vu Premium 164 cm (65 inch) Ultra HD (4K) LED Smart Android TV  (65PM),62999,available,https://flipkart.com/vu-premium-164-cm-65-inch-ultra-hd-4k-led-smart-android-tv/p/itm44d6b5f4037ad?pid=TVSFRQ63MFHRWHJS&lid=LSTTVSFRQ63MFHRWHJSO7DXHV&marketplace=FLIPKART&q=Vu&store=ckf%2Fczl&srno=s_1_9&otracker=search&fm=organic&iid=5f11bb6d-18c8-4c82-9ef6-917f7d3d452d.TVSFRQ63MFHRWHJS.SEARCH&ppt=None&ppn=None&ssid=j6cxea6t740000001626270454253&qH=7c87b7e19d52cd86
123,Vu Masterpiece 215 cm (85 inch) QLED Ultra HD (4K) Smart Android TV  (85QPX),279999,available,https://flipkart.com/vu-masterpiece-215-cm-85-inch-qled-ultra-hd-4k-smart-android-tv/p/itm39b7ac9f8217c?pid=TVSFX5Q9FDGHGZ5W&lid=LSTTVSFX5Q9FDGHGZ5WKFSSNQ&marketplace=FLIPKART&q=Vu&store=ckf%2Fczl&srno=s_1_10&otracker=search&fm=organic&iid=5f11bb6d-18c8-4c82-9ef6-917f7d3d452d.TVSFX5Q9FDGHGZ5W.SEARCH&ppt=None&ppn=None&ssid=j6cxea6t740000001626270454253&qH=7c87b7e19d52cd86
124,Vu 108 cm (43 inch) Full HD LED Smart Android TV  (43GA),25999,available,https://flipkart.com/vu-108-cm-43-inch-full-hd-led-smart-android-tv/p/itm31e4b9841db46?pid=TVSFRSGYAQNRPKDJ&lid=LSTTVSFRSGYAQNRPKDJJYICDQ&marketplace=FLIPKART&q=Vu&store=ckf%2Fczl&srno=s_1_11&otracker=search&fm=organic&iid=5f11bb6d-18c8-4c82-9ef6-917f7d3d452d.TVSFRSGYAQNRPKDJ.SEARCH&ppt=None&ppn=None&ssid=j6cxea6t740000001626270454253&qH=7c87b7e19d52cd86
125,Vu 139 cm (55 inch) Ultra HD (4K) LED Smart Android TV  (55UT),45940,available,https://flipkart.com/vu-139-cm-55-inch-ultra-hd-4k-led-smart-android-tv/p/itm86370177922c2?pid=TVSFSNJVKGTFQHPU&lid=LSTTVSFSNJVKGTFQHPUHVMXNG&marketplace=FLIPKART&q=Vu&store=ckf%2Fczl&srno=s_1_12&otracker=search&fm=organic&iid=5f11bb6d-18c8-4c82-9ef6-917f7d3d452d.TVSFSNJVKGTFQHPU.SEARCH&ppt=None&ppn=None&ssid=j6cxea6t740000001626270454253&qH=7c87b7e19d52cd86
126,Vu Pixelight 189 cm (75 inch) Ultra HD (4K) LED Smart TV  (75QDV),84999,available,https://flipkart.com/vu-pixelight-189-cm-75-inch-ultra-hd-4k-led-smart-tv/p/itm67ec0469d53f0?pid=TVSFSCJ7FBGDQGZF&lid=LSTTVSFSCJ7FBGDQGZFKGOKIY&marketplace=FLIPKART&q=Vu&store=ckf%2Fczl&srno=s_1_13&otracker=search&fm=organic&iid=5f11bb6d-18c8-4c82-9ef6-917f7d3d452d.TVSFSCJ7FBGDQGZF.SEARCH&ppt=None&ppn=None&ssid=j6cxea6t740000001626270454253&qH=7c87b7e19d52cd86
127,Vu Pixelight 163 cm (65 inch) Ultra HD (4K) LED Smart TV  (LTDN65XT800XWAU3D Ver: 2017),116000,not available,https://flipkart.com/vu-pixelight-163-cm-65-inch-ultra-hd-4k-led-smart-tv/p/itmevacqragzbdfh?pid=TVSEVACQ8NVSRRAT&lid=LSTTVSEVACQ8NVSRRATOP5RJ5&marketplace=FLIPKART&q=Vu&store=ckf%2Fczl&srno=s_1_14&otracker=search&fm=organic&iid=5f11bb6d-18c8-4c82-9ef6-917f7d3d452d.TVSEVACQ8NVSRRAT.SEARCH&ppt=None&ppn=None&ssid=j6cxea6t740000001626270454253&qH=7c87b7e19d52cd86
128,Vu 108 cm (43 inch) Ultra HD (4K) LED Smart Android TV  (43UT),30999,not available,https://flipkart.com/vu-108-cm-43-inch-ultra-hd-4k-led-smart-android-tv/p/itm145737828bab3?pid=TVSFSNJVZEVWUSCU&lid=LSTTVSFSNJVZEVWUSCUO2HB2J&marketplace=FLIPKART&q=Vu&store=ckf%2Fczl&srno=s_1_15&otracker=search&fm=organic&iid=5f11bb6d-18c8-4c82-9ef6-917f7d3d452d.TVSFSNJVZEVWUSCU.SEARCH&ppt=None&ppn=None&ssid=j6cxea6t740000001626270454253&qH=7c87b7e19d52cd86
129,Vu Pixelight 126 cm (50 inch) Ultra HD (4K) LED Smart TV with cricket mode  (50-QDV),26360,not available,https://flipkart.com/vu-pixelight-126-cm-50-inch-ultra-hd-4k-led-smart-tv-cricket-mode/p/itmfey7hwzbrhepw?pid=TVSFHFVZHJ3KB897&lid=LSTTVSFHFVZHJ3KB897ULBISQ&marketplace=FLIPKART&q=Vu&store=ckf%2Fczl&srno=s_1_16&otracker=search&fm=organic&iid=5f11bb6d-18c8-4c82-9ef6-917f7d3d452d.TVSFHFVZHJ3KB897.SEARCH&ppt=None&ppn=None&ssid=j6cxea6t740000001626270454253&qH=7c87b7e19d52cd86
130,Vu 80 cm (32 inch) HD Ready LED TV  (32GVPL),9999,not available,https://flipkart.com/vu-80-cm-32-inch-hd-ready-led-tv/p/itm54f7e81447e79?pid=TVSFN2JV4HKHJ2EH&lid=LSTTVSFN2JV4HKHJ2EHW3WKTV&marketplace=FLIPKART&q=Vu&store=ckf%2Fczl&srno=s_1_17&otracker=search&fm=organic&iid=5f11bb6d-18c8-4c82-9ef6-917f7d3d452d.TVSFN2JV4HKHJ2EH.SEARCH&ppt=None&ppn=None&ssid=j6cxea6t740000001626270454253&qH=7c87b7e19d52cd86
131,Vu Pixelight 108 cm (43 inch) Ultra HD (4K) LED Smart TV  (43px),23999,not available,https://flipkart.com/vu-pixelight-108-cm-43-inch-ultra-hd-4k-led-smart-tv/p/itmfhczyzvkt5cn7?pid=TVSFHCZYDPUPHBD5&lid=LSTTVSFHCZYDPUPHBD50PNAUG&marketplace=FLIPKART&q=Vu&store=ckf%2Fczl&srno=s_1_18&otracker=search&fm=organic&iid=5f11bb6d-18c8-4c82-9ef6-917f7d3d452d.TVSFHCZYDPUPHBD5.SEARCH&ppt=None&ppn=None&ssid=j6cxea6t740000001626270454253&qH=7c87b7e19d52cd86
132,Vu 126 cm (50 inch) Ultra HD (4K) LED Smart Android TV  (50UT),37900,not available,https://flipkart.com/vu-126-cm-50-inch-ultra-hd-4k-led-smart-android-tv/p/itma169628942fd1?pid=TVSFSNJVRZFHCHDQ&lid=LSTTVSFSNJVRZFHCHDQMJ4MD7&marketplace=FLIPKART&q=Vu&store=ckf%2Fczl&srno=s_1_19&otracker=search&fm=organic&iid=5f11bb6d-18c8-4c82-9ef6-917f7d3d452d.TVSFSNJVRZFHCHDQ.SEARCH&ppt=None&ppn=None&ssid=j6cxea6t740000001626270454253&qH=7c87b7e19d52cd86
133,Vu Premium Android 138 cm (55 inch) Ultra HD (4K) LED Smart Android TV with Cricket Mode  (55-OA),36999,not available,https://flipkart.com/vu-premium-android-138-cm-55-inch-ultra-hd-4k-led-smart-tv-cricket-mode/p/itmfdv7azftbhjrr?pid=TVSFHJMBGCM9SZMM&lid=LSTTVSFHJMBGCM9SZMMXHKEYQ&marketplace=FLIPKART&q=Vu&store=ckf%2Fczl&srno=s_1_20&otracker=search&fm=organic&iid=5f11bb6d-18c8-4c82-9ef6-917f7d3d452d.TVSFHJMBGCM9SZMM.SEARCH&ppt=None&ppn=None&ssid=j6cxea6t740000001626270454253&qH=7c87b7e19d52cd86
134,Vu 80 cm (32 inch) HD Ready LED TV with FM Radio  (32BFM),7670,not available,https://flipkart.com/vu-80-cm-32-inch-hd-ready-led-tv-fm-radio/p/itm0a0d5a7f22c8b?pid=TVSFJY52HBCVBN5D&lid=LSTTVSFJY52HBCVBN5DR9RHSK&marketplace=FLIPKART&q=Vu&store=ckf%2Fczl&srno=s_1_21&otracker=search&fm=organic&iid=5f11bb6d-18c8-4c82-9ef6-917f7d3d452d.TVSFJY52HBCVBN5D.SEARCH&ppt=None&ppn=None&ssid=j6cxea6t740000001626270454253&qH=7c87b7e19d52cd86
135,Vu Pixelight 126 cm (50 inch) Ultra HD (4K) LED Smart TV  (50-QDV/50-QDV -V1),27999,not available,https://flipkart.com/vu-pixelight-126-cm-50-inch-ultra-hd-4k-led-smart-tv/p/itmfey7hwzbrhepw?pid=TVSFEY7HBSHTFMVD&lid=LSTTVSFEY7HBSHTFMVDZQJADH&marketplace=FLIPKART&q=Vu&store=ckf%2Fczl&srno=s_1_22&otracker=search&fm=organic&iid=5f11bb6d-18c8-4c82-9ef6-917f7d3d452d.TVSFEY7HBSHTFMVD.SEARCH&ppt=None&ppn=None&ssid=j6cxea6t740000001626270454253&qH=7c87b7e19d52cd86
136,Vu Premium Android 163cm (65 inch) Ultra HD (4K) LED Smart TV  (65-OA),58704,not available,https://flipkart.com/vu-premium-android-163cm-65-inch-ultra-hd-4k-led-smart-tv/p/itmfdv7ag9wgfgmd?pid=TVSFDV7A8SKZEBUZ&lid=LSTTVSFDV7A8SKZEBUZ1O5J9D&marketplace=FLIPKART&q=Vu&store=ckf%2Fczl&srno=s_1_23&otracker=search&fm=organic&iid=5f11bb6d-18c8-4c82-9ef6-917f7d3d452d.TVSFDV7A8SKZEBUZ.SEARCH&ppt=None&ppn=None&ssid=j6cxea6t740000001626270454253&qH=7c87b7e19d52cd86
137,Vu 100 cm (40 inch) Full HD LED Smart TV  (40PL),16999,not available,https://flipkart.com/vu-100-cm-40-inch-full-hd-led-smart-tv/p/itmfhcsshfwmru2b?pid=TVSFHCSSVZ4FPBXN&lid=LSTTVSFHCSSVZ4FPBXNOM2KMK&marketplace=FLIPKART&q=Vu&store=ckf%2Fczl&srno=s_1_24&otracker=search&fm=organic&iid=5f11bb6d-18c8-4c82-9ef6-917f7d3d452d.TVSFHCSSVZ4FPBXN.SEARCH&ppt=None&ppn=None&ssid=j6cxea6t740000001626270454253&qH=7c87b7e19d52cd86
